Band,Category,Question
Band 6B,Self Evaluation,"How often do you shape a clear, cohesive narrative around the organization’s vision for internal and external audiences?"
Band 6B,Self Evaluation,"How often do you align executive messaging so it cascades consistently across business units and geographies?"
Band 6B,Self Evaluation,"How often do you translate strategy into messages that motivate belief and ownership across the organization?"
Band 6B,Self Evaluation,"How often do you anticipate potential misinterpretations of strategic communication and course-correct proactively?"
Band 6B,Self Evaluation,"How often do you evaluate how your communication shapes stakeholder trust and brand reputation?"
Band 6B,Self Evaluation,"How often do you communicate complex business performance data in a way that strengthens board confidence and clarity?"
Band 6B,Self Evaluation,"How often do you craft messages for investors, clients, and partners that reinforce the organization’s long-term value story?"
Band 6B,Self Evaluation,"How often do you represent the organization in public forums or media with credibility and strategic poise?"
Band 6B,Self Evaluation,"How often do you use data visuals and stories to translate risk, innovation, and growth in a balanced narrative?"
Band 6B,Self Evaluation,"How often do you build consistency between executive communications and external perceptions of Sails Software?"
Band 6B,Self Evaluation,"How often do you ensure leadership communications enable cross-functional alignment on strategic initiatives?"
Band 6B,Self Evaluation,"How often do you mediate communication between functions to reduce ambiguity and decision delays?"
Band 6B,Self Evaluation,"How often do you embed clear strategic narrative loops to align executive intent and operational execution?"
Band 6B,Self Evaluation,"How often do you turn complex debates into unified action through precise and data-backed communication?"
Band 6B,Self Evaluation,"How often do you mentor senior leaders on executive storytelling to reinforce strategic alignment?"
Band 6B,Self Evaluation,"How often do you lead transparent communication during organizational crises to protect trust?"
Band 6B,Self Evaluation,"How often do you communicate difficult information with balance — neither minimising nor sensationalising impact?"
Band 6B,Self Evaluation,"How often do you align internal and external narratives so the organisation speaks with one credible voice during risk events?"
Band 6B,Self Evaluation,"How often do you brief the Board proactively on emerging issues and response communication plans?"
Band 6B,Self Evaluation,"How often do you capture and share post-crisis communication lessons to strengthen institutional readiness?"
Band 6B,Self Evaluation,"How often do you create open channels for feedback between leadership and employees across all levels?"
Band 6B,Self Evaluation,"How often do you visibly act on feedback to demonstrate accountability and continuous improvement?"
Band 6B,Self Evaluation,"How often do you mentor next-generation leaders to develop their communication maturity and ethical judgment?"
Band 6B,Self Evaluation,"How often do you institutionalize transparent reporting mechanisms that sustain trust beyond your tenure?"
Band 6B,Self Evaluation,"How often do you communicate with long-term perspective, ensuring decisions today preserve the organization’s credibility for the future?"
Band 6B,Self Evaluation,"Do my communications consistently reinforce the organization’s purpose and integrity?"
Band 6B,Self Evaluation,"How effectively do I balance transparency and discretion during sensitive discussions?"
Band 6B,Self Evaluation,"Have I built feedback systems that will outlast my leadership tenure?"
Band 6B,Self Evaluation,"What mechanisms ensure communication consistency across successors and future boards?"
Band 6B,Self Evaluation,"How does my communication influence the public and employee trust narrative of Sails Software?"
Band 6B,Self Evaluation,"How often do you unify cross-business units under shared strategic priorities rather than function-specific goals?"
Band 6B,Self Evaluation,"When departmental conflicts arise, how often do you mediate toward enterprise-level resolution?"
Band 6B,Self Evaluation,"How often do you create forums where leaders collaborate on systemic solutions beyond their remits?"
Band 6B,Self Evaluation,"How often do you translate organizational strategy into collective delivery commitments across functions?"
Band 6B,Self Evaluation,"How often do you evaluate enterprise health based on collaboration indices and shared outcomes instead of individual metrics?"
Band 6B,Self Evaluation,"How often do you pre-align key stakeholders before strategic decisions to avoid execution friction?"
Band 6B,Self Evaluation,"How often do you reconcile conflicting interests through data-driven dialogue and mutual benefit?"
Band 6B,Self Evaluation,"How often do you convert stakeholder feedback into policy or process adjustments that improve alignment?"
Band 6B,Self Evaluation,"How often do you communicate strategic trade-offs transparently to build trust and credibility?"
Band 6B,Self Evaluation,"How often do you mentor senior leaders to influence laterally with integrity and facts?"
Band 6B,Self Evaluation,"How often do you create frameworks that empower autonomous decision-making within clear boundaries?"
Band 6B,Self Evaluation,"How often do you standardize collaboration tools and cadences to enable cross-region efficiency?"
Band 6B,Self Evaluation,"How often do you sponsor enterprise initiatives that enhance digital collaboration capability?"
Band 6B,Self Evaluation,"How often do you review governance to eliminate redundancy and simplify inter-team coordination?"
Band 6B,Self Evaluation,"How often do you measure collaboration ROI in terms of innovation, speed, and employee engagement?"
Band 6B,Self Evaluation,"How often do you role-model openness and vulnerability to normalize transparent dialogue across levels?"
Band 6B,Self Evaluation,"How often do you intervene to address invisible barriers to collaboration (e.g., hierarchy or bias)?"
Band 6B,Self Evaluation,"How often do you institutionalize inclusive decision-making frameworks that surface diverse perspectives?"
Band 6B,Self Evaluation,"How often do you link recognition programs to team-based results rather than individual heroics?"
Band 6B,Self Evaluation,"How often do you maintain psychological safety during high-stakes executive debates?"
Band 6B,Self Evaluation,"How often do you build alliances with clients, industry peers, and regulators to drive shared innovation?"
Band 6B,Self Evaluation,"How often do you sponsor joint initiatives with academic or start-up ecosystems for capability expansion?"
Band 6B,Self Evaluation,"How often do you embed partner KPIs within Sails’ strategic scorecards to reinforce mutual accountability?"
Band 6B,Self Evaluation,"How often do you lead cross-industry consortia that promote sustainability and ethical governance?"
Band 6B,Self Evaluation,"How often do you cascade external best practices internally to strengthen collaboration maturity?"
Band 6B,Self Evaluation,"Do I treat collaboration as a strategic system or a set of relationships?"
Band 6B,Self Evaluation,"What mechanisms ensure alignment outlasts my personal involvement?"
Band 6B,Self Evaluation,"How am I institutionalizing trust and cross-functional dialogue?"
Band 6B,Self Evaluation,"Do I measure collaboration through impact, speed, and innovation rather than activity?"
Band 6B,Self Evaluation,"How do I extend Sails’ collaborative influence beyond the organization?"
Band 6B,Self Evaluation,"How often do you take end-to-end responsibility for enterprise outcomes, not only your function’s results?"
Band 6B,Self Evaluation,"How often do you model ethical judgment when faced with conflicting business pressures?"
Band 6B,Self Evaluation,"How often do you proactively ensure compliance, data privacy, and governance in all executive decisions?"
Band 6B,Self Evaluation,"How often do you hold peers and partners accountable for ethical lapses through transparent dialogue?"
Band 6B,Self Evaluation,"How often do you demonstrate that enterprise integrity outweighs short-term metrics?"
Band 6B,Self Evaluation,"How often do you link executive decisions to measurable organizational KPIs and risk assessments?"
Band 6B,Self Evaluation,"How often do you publicly own both the outcomes and implications of your strategic choices?"
Band 6B,Self Evaluation,"How often do you ensure decisions are informed by cross-functional consultation before execution?"
Band 6B,Self Evaluation,"How often do you monitor the downstream impact of leadership decisions and correct course proactively?"
Band 6B,Self Evaluation,"How often do you institutionalize decision logs or governance reviews for transparency?"
Band 6B,Self Evaluation,"How often do you ensure organizational promises to customers, regulators, and employees are met without compromise?"
Band 6B,Self Evaluation,"How often do you benchmark enterprise performance against industry best practices to prevent complacency?"
Band 6B,Self Evaluation,"How often do you translate accountability goals into tangible operating metrics across divisions?"
Band 6B,Self Evaluation,"How often do you act swiftly to close performance gaps exposed by audit or review data?"
Band 6B,Self Evaluation,"How often do you reward reliability and integrity as key leadership criteria in talent reviews?"
Band 6B,Self Evaluation,"How often do you personally lead accountability reviews after major delivery or ethical crises?"
Band 6B,Self Evaluation,"How often do you communicate transparently about setbacks while protecting organizational credibility?"
Band 6B,Self Evaluation,"How often do you balance rapid recovery with systemic learning post-crisis?"
Band 6B,Self Evaluation,"How often do you reinforce ownership culture under uncertainty or market volatility?"
Band 6B,Self Evaluation,"How often do you ensure resilience measures (continuity plans, role backups) are institutionalized?"
Band 6B,Self Evaluation,"How often do you embed ownership mindsets into leadership development and succession plans?"
Band 6B,Self Evaluation,"How often do you coach next-generation leaders to take full accountability for enterprise outcomes?"
Band 6B,Self Evaluation,"How often do you ensure cross-functional teams operate on transparent metrics and mutual trust?"
Band 6B,Self Evaluation,"How often do you advocate collective accountability with the Board, investors, and employees alike?"
Band 6B,Self Evaluation,"How often do you measure success not only by profit but by sustained trust and institutional reputation?"
Band 6B,Self Evaluation,"Do my decisions reinforce integrity even when profits are at stake?"
Band 6B,Self Evaluation,"Have I made accountability visible through systems, not just words?"
Band 6B,Self Evaluation,"Do I model transparency in times of failure as well as success?"
Band 6B,Self Evaluation,"How am I building a legacy of trust that outlives my tenure?"
Band 6B,Self Evaluation,"Are future leaders learning ownership from my actions or my instructions?"
Band 6B,Self Evaluation,"When strategic shifts occur, how often do you re-establish purpose and direction across the organization?"
Band 6B,Self Evaluation,"How often do you lead major transformations that balance speed with cultural stability?"
Band 6B,Self Evaluation,"How often do you translate external disruption into adaptive business models before competitors react?"
Band 6B,Self Evaluation,"How often do you build agile governance structures that allow faster, data-backed decision cycles?"
Band 6B,Self Evaluation,"How often do you sustain optimism and belief during prolonged or high-impact transformation phases?"
Band 6B,Self Evaluation,"How often do you institutionalize horizon-scanning or scenario planning at enterprise level?"
Band 6B,Self Evaluation,"How often do you interpret geopolitical, technological, or social trends into actionable strategy inputs?"
Band 6B,Self Evaluation,"How often do you anticipate disruption windows and reposition investments ahead of market inflection?"
Band 6B,Self Evaluation,"How often do you align risk, innovation, and sustainability lenses while shaping long-term plans?"
Band 6B,Self Evaluation,"How often do you coach your executive peers to think beyond quarterly cycles toward structural foresight?"
Band 6B,Self Evaluation,"How often do you invest in enterprise academies or learning ecosystems linked to business outcomes?"
Band 6B,Self Evaluation,"How often do you demonstrate visible learning behavior as a senior role model to normalize curiosity?"
Band 6B,Self Evaluation,"How often do you integrate learning metrics into leadership scorecards and board dashboards?"
Band 6B,Self Evaluation,"How often do you foster rapid-learning loops where experimentation is rewarded over perfection?"
Band 6B,Self Evaluation,"How often do you convert lessons from major projects into codified playbooks and reusable IP?"
Band 6B,Self Evaluation,"How often do you remain composed and decisive when facing multi-country or enterprise-level crises?"
Band 6B,Self Evaluation,"How often do you activate contingency governance swiftly while maintaining stakeholder confidence?"
Band 6B,Self Evaluation,"How often do you simulate business-continuity scenarios to identify resilience gaps proactively?"
Band 6B,Self Evaluation,"How often do you strengthen organizational memory by formalizing post-crisis reviews and learnings?"
Band 6B,Self Evaluation,"How often do you transform setbacks into innovation opportunities that enhance resilience maturity?"
Band 6B,Self Evaluation,"How often do you ensure institutional documentation of key strategic decisions and rationale?"
Band 6B,Self Evaluation,"How often do you mentor next-generation leaders to think systemically and adaptively?"
Band 6B,Self Evaluation,"How often do you sponsor cross-industry knowledge exchanges to expand organizational perspective?"
Band 6B,Self Evaluation,"How often do you celebrate learning from intelligent failure to reinforce psychological safety?"
Band 6B,Self Evaluation,"How often do you embed adaptability as a cultural signature that outlasts your direct tenure?"
Band 6B,Self Evaluation,"How do I model visible learning and curiosity as a leader?"
Band 6B,Self Evaluation,"Do our crisis routines produce institutional learning or just damage control?"
Band 6B,Self Evaluation,"How future-ready are our people systems compared to our strategy systems?"
Band 6B,Self Evaluation,"What evidence shows that learning agility is cultural, not episodic?"
Band 6B,Self Evaluation,"Have I mentored successors to carry the agility mindset beyond me?"
Band 6B,Self Evaluation,"How often do you differentiate between technical, financial, and strategic causes before taking enterprise decisions?"
Band 6B,Self Evaluation,"How often do you validate that a problem aligns with core organizational priorities before mobilizing resources?"
Band 6B,Self Evaluation,"How often do you use multi-scenario analysis to anticipate second-order impacts across business units?"
Band 6B,Self Evaluation,"How often do you challenge existing assumptions that limit long-term innovation or stakeholder value?"
Band 6B,Self Evaluation,"How often do you ensure executive decisions address systemic root causes, not just operational symptoms?"
Band 6B,Self Evaluation,"How often do you insist on triangulating qualitative insights and quantitative data before final decisions?"
Band 6B,Self Evaluation,"How often do you demand pre-decision briefs that include both risk exposure and opportunity potential?"
Band 6B,Self Evaluation,"How often do you institutionalize structured decision reviews to eliminate bias and hindsight revision?"
Band 6B,Self Evaluation,"How often do you design governance models that separate decision speed from quality compromise?"
Band 6B,Self Evaluation,"How often do you ensure board papers and leadership decks present data narratives, not raw figures?"
Band 6B,Self Evaluation,"How often do you sponsor cross-industry benchmarking to identify breakthrough practices?"
Band 6B,Self Evaluation,"How often do you frame innovation initiatives around measurable strategic outcomes rather than technology trends?"
Band 6B,Self Evaluation,"How often do you balance experimentation with fiscal and reputational risk controls?"
Band 6B,Self Evaluation,"How often do you integrate AI, data, and market foresight to guide next-generation business models?"
Band 6B,Self Evaluation,"How often do you ensure innovation pipelines remain aligned to the organization’s long-term purpose?"
Band 6B,Self Evaluation,"How often do you communicate strategic trade-offs transparently to the board and key stakeholders?"
Band 6B,Self Evaluation,"How often do you calibrate enterprise risk appetite against growth ambitions?"
Band 6B,Self Evaluation,"How often do you link operational audits and data analytics to strategic decision oversight?"
Band 6B,Self Evaluation,"How often do you proactively review crisis simulations or red-team scenarios to test organizational agility?"
Band 6B,Self Evaluation,"How often do you ensure accountability for major decisions is documented and reviewed post-implementation?"
Band 6B,Self Evaluation,"How often do you document the rationale behind strategic decisions to preserve institutional memory?"
Band 6B,Self Evaluation,"How often do you mentor successors in structured critical-thinking approaches and ethical reasoning?"
Band 6B,Self Evaluation,"How often do you integrate lessons learned from past misjudgments into current governance practice?"
Band 6B,Self Evaluation,"How often do you champion transparent learning from failure across the leadership ecosystem?"
Band 6B,Self Evaluation,"How often do you influence industry dialogue by sharing responsible decision-making frameworks externally?"
Band 6B,Self Evaluation,"Do I anchor decisions in evidence and strategic purpose or intuition and urgency?"
Band 6B,Self Evaluation,"Have I documented how my judgment process can be replicated by future leaders?"
Band 6B,Self Evaluation,"Do my innovation decisions balance risk, value, and ethics?"
Band 6B,Self Evaluation,"Am I ensuring transparent post-decision reviews to learn from outcomes?"
Band 6B,Self Evaluation,"What legacy of critical thinking am I embedding into Sails Software’s governance DNA?"
